broken_url,status,source_page,replacement_path
https://colorcocktailfactory.com/chicago/bath-bombs,404,https://colorcocktailfactory.com/chicago,/chicago/candle-making
https://colorcocktailfactory.com/chicago/bunny-cup,404,https://colorcocktailfactory.com/chicago,/chicago/handbuilding
https://colorcocktailfactory.com/chicago/cat-vase,404,https://colorcocktailfactory.com/chicago,/chicago/handbuilding
https://colorcocktailfactory.com/chicago/cup-bowl,404,https://colorcocktailfactory.com/chicago,/chicago/handbuilding
https://colorcocktailfactory.com/chicago/cup-creations,404,https://colorcocktailfactory.com/chicago,/chicago/beginner-wheel
https://colorcocktailfactory.com/chicago/dildos,404,https://colorcocktailfactory.com/chicago,/chicago/handbuilding
https://colorcocktailfactory.com/chicago/egg-tempera,404,https://colorcocktailfactory.com/chicago,/chicago/paper-pigment
https://colorcocktailfactory.com/chicago/heart-bowl,404,https://colorcocktailfactory.com/chicago,/chicago/handbuilding
https://colorcocktailfactory.com/chicago/kurinuki,404,https://colorcocktailfactory.com/chicago,/chicago/handbuilding
https://colorcocktailfactory.com/chicago/matcha-bowl,404,https://colorcocktailfactory.com/chicago,/chicago/beginner-wheel
https://colorcocktailfactory.com/chicago/oil-painting,404,https://colorcocktailfactory.com/chicago,/chicago/paper-pigment
https://colorcocktailfactory.com/chicago/online-painting,404,https://colorcocktailfactory.com/chicago,/chicago/paper-pigment
https://colorcocktailfactory.com/chicago/paint-pottery,404,https://colorcocktailfactory.com/chicago,/chicago/paper-pigment
https://colorcocktailfactory.com/chicago/paint-your-pet,404,https://colorcocktailfactory.com/chicago,/chicago/paper-pigment
https://colorcocktailfactory.com/chicago/pipe-ashtray,404,https://colorcocktailfactory.com/chicago,/chicago/handbuilding
https://colorcocktailfactory.com/chicago/rock-painting,404,https://colorcocktailfactory.com/chicago,/chicago/paper-pigment
https://colorcocktailfactory.com/chicago/sake-set,404,https://colorcocktailfactory.com/chicago,/chicago/handbuilding
https://colorcocktailfactory.com/chicago/soap-making,404,https://colorcocktailfactory.com/chicago,/chicago/candle-making
https://colorcocktailfactory.com/chicago/tie-dye,404,https://colorcocktailfactory.com/chicago,/chicago/paper-pigment
https://colorcocktailfactory.com/chicago/vulva-cup,404,https://colorcocktailfactory.com/chicago,/chicago/handbuilding
https://colorcocktailfactory.com/chicago/watercolor,404,https://colorcocktailfactory.com/chicago,/chicago/paper-pigment
https://colorcocktailfactory.com/chicago/wax-painting,404,https://colorcocktailfactory.com/chicago,/chicago/paper-pigment
https://colorcocktailfactory.com/chicago/wheel-vase,404,https://colorcocktailfactory.com/chicago,/chicago/beginner-wheel
https://colorcocktailfactory.com/eugene/candle-holder,404,https://colorcocktailfactory.com/eugene,/eugene/candle-making
https://colorcocktailfactory.com/eugene/charcuterie-board,404,https://colorcocktailfactory.com/eugene,/eugene/handbuilding
https://colorcocktailfactory.com/eugene/chess-set,404,https://colorcocktailfactory.com/eugene,/eugene/handbuilding
https://colorcocktailfactory.com/eugene/clay-cauldron,404,https://colorcocktailfactory.com/eugene,/eugene/handbuilding
https://colorcocktailfactory.com/eugene/cup-bowl,404,https://colorcocktailfactory.com/eugene,/eugene/handbuilding
https://colorcocktailfactory.com/eugene/cup-creations,404,https://colorcocktailfactory.com/eugene,/eugene/beginner-wheel
https://colorcocktailfactory.com/eugene/duck-soap-holder,404,https://colorcocktailfactory.com/eugene,/eugene/handbuilding
https://colorcocktailfactory.com/eugene/matcha-bowl,404,https://colorcocktailfactory.com/eugene,/eugene/beginner-wheel
https://colorcocktailfactory.com/eugene/mushroom-pottery,404,https://colorcocktailfactory.com/eugene,/eugene/handbuilding
https://colorcocktailfactory.com/eugene/oogie-boogie,404,https://colorcocktailfactory.com/eugene,/eugene/handbuilding
https://colorcocktailfactory.com/eugene/paint-night,404,https://colorcocktailfactory.com/eugene,/eugene/paper-pigment
https://colorcocktailfactory.com/eugene/pipe-ashtray,404,https://colorcocktailfactory.com/eugene,/eugene/handbuilding
https://colorcocktailfactory.com/eugene/watercolor,404,https://colorcocktailfactory.com/eugene,/eugene/paper-pigment
